funder_name,country,total_articles,open_data_articles,open_code_articles,open_data_pct,open_code_pct,funder_type,funder_id,is_alias_group
Uppsala Multidisciplinary Center for Advanced Computational Science,Sweden,112,59,35,52.7,31.2,,F4320336376,False
Science for Life Laboratory,Sweden,220,108,47,49.1,21.4,,F4320325677,False
European Molecular Biology Laboratory,Germany,122,57,43,46.7,35.2,,F4320314023,False
Argonne National Laboratory,USA,156,68,23,43.6,14.7,,F4320338284,False
Canadian Institute for Advanced Research,Canada,105,45,34,42.9,32.4,,F4320309949,False
Biological and Environmental Research,USA,266,108,61,40.6,22.9,,F4320337509,False
Francis Crick Institute,UK,182,73,42,40.1,23.1,government,F4320312060,True
National Centre for Earth Observation,UK,159,63,59,39.6,37.1,,F4320338155,False
Deutsches Krebsforschungszentrum,Germany,124,48,26,38.7,21.0,,F4320310693,False
Lawrence Berkeley National Laboratory,USA,129,49,32,38.0,24.8,,F4320338292,False
Fondation ARC pour la Recherche sur le Cancer,France,145,55,19,37.9,13.1,,F4320322361,False
European Synchrotron Radiation Facility,France,143,54,16,37.8,11.2,,F4320320887,False
European Molecular Biology Organization,Germany,289,106,71,36.7,24.6,,F4320307844,False
Diamond Light Source,UK,205,75,21,36.6,10.2,,F4320313096,False
"Institut National de Recherche pour l'Agriculture, l'Alimentation et l'Environnement",France,227,81,30,35.7,13.2,,F4320331560,False
Common Fund,USA,132,47,36,35.6,27.3,,F4320338403,False
Genome Canada,Canada,157,55,31,35.0,19.7,,F4320310787,False
Howard Hughes Medical Institute,USA,748,261,161,34.9,21.5,philanthropy,F4320306082,True
Directorate for Biological Sciences,USA,828,288,154,34.8,18.6,,F4320332167,False
"Division of Intramural Research, National Institute of Allergy and Infectious Diseases",USA,410,142,64,34.6,15.6,,F4320309123,False
National Geographic Society,USA,146,50,35,34.2,24.0,government,F4320309024,True
Leibniz-Gemeinschaft,Germany,272,92,39,33.8,14.3,,F4320334763,False
Deutsches Elektronen-Synchrotron,Germany,128,43,14,33.6,10.9,,F4320334759,False
Foundation for Medical Research (France),France,421,141,83,33.5,19.7,,F4320321589,False
Breast Cancer Research Foundation,USA,147,49,28,33.3,19.0,government,F4320306260,True
Österreichischen Akademie der Wissenschaften,Austria,121,40,27,33.1,22.3,,F4320321004,False
École Polytechnique Fédérale de Lausanne,Switzerland,164,54,33,32.9,20.1,,F4320320915,False
NIH Office of the Director,USA,275,90,62,32.7,22.5,,F4320337349,False
Agriculture and Agri-Food Canada,Canada,101,33,6,32.7,5.9,,F4320334595,False
Burroughs Wellcome Fund,USA,209,68,37,32.5,17.7,government,F4320306133,True
Fondation Leducq,France,155,50,33,32.3,21.3,,F4320320890,False
Prostate Cancer Foundation,USA,107,34,15,31.8,14.0,government,F4320306163,True
Office of Science,USA,744,233,114,31.3,15.3,,F4320332359,False
John Templeton Foundation,USA,199,62,42,31.2,21.1,government,F4320306193,True
Cancer Prevention and Research Institute of Texas,USA,324,101,31,31.2,9.6,,F4320308129,False
Sight Research UK,UK,610,190,146,31.1,23.9,,F4320320022,False
Freie Universität Berlin,Germany,145,45,22,31.0,15.2,,F4320324521,False
Branco Weiss Fellowship – Society in Science,Switzerland,123,38,31,30.9,25.2,,F4320320923,False
Universiteit Gent,Belgium,206,63,30,30.6,14.6,,F4320322603,False
Max Planck Society,Germany,958,293,222,30.6,23.2,philanthropy,F4320322434,True
Akademie Věd České Republiky,Czech Republic,191,58,17,30.4,8.9,,F4320322482,False
Institut National Du Cancer,France,228,69,35,30.3,15.4,,F4320323807,False
China Agricultural University,China,195,59,18,30.3,9.2,,F4320321131,False
Human Frontier Science Program,France,303,91,81,30.0,26.7,,F4320320338,False
Nanjing Agricultural University,China,104,31,7,29.8,6.7,,F4320325211,False
"University of California, San Diego",USA,274,81,51,29.6,18.6,,F4320332603,False
Uehara Memorial Foundation,Japan,164,48,14,29.3,8.5,government,F4320310760,True
"Division of Microbiology and Infectious Diseases, National Institute of Allergy and Infectious Diseases",USA,162,47,15,29.0,9.3,,F4320338412,False
Barncancerfonden,Sweden,108,31,14,28.7,13.0,,F4320323766,False
Foundation for the National Institutes of Health,USA,537,154,112,28.7,20.9,,F4320306080,False
Associazione Italiana per la Ricerca sul Cancro,Italy,456,129,52,28.3,11.4,philanthropy,F4320323054,True
Eidgenössische Technische Hochschule Zürich,Switzerland,420,119,81,28.3,19.3,,F4320321652,False
Agriculture Research System of China,China,163,46,8,28.2,4.9,,F4320326266,False
York University,Canada,103,29,17,28.2,16.5,,F4320319918,False
Agricultural Research Service,USA,472,133,62,28.2,13.1,,F4320332605,False
RIKEN,Japan,169,47,23,27.8,13.6,government,F4320335125,True
American Cancer Society,USA,295,82,33,27.8,11.2,government,F4320306095,True
"University of California, San Francisco",USA,339,94,51,27.7,15.0,,F4320332622,False
National Science Foundation of Sri Lanka,LK,3213,890,747,27.7,23.2,,F4320335353,False
Studienstiftung des Deutschen Volkes,Germany,132,36,17,27.3,12.9,,F4320322572,False
Chinese Academy of Agricultural Sciences,China,368,100,14,27.2,3.8,,F4320323155,False
Tsinghua University,China,173,47,15,27.2,8.7,,F4320322392,False
"University of California, Irvine",USA,100,27,16,27.0,16.0,,F4320332688,False
"Grantová Agentura, Univerzita Karlova",Czech Republic,115,31,13,27.0,11.3,,F4320309872,False
Cancer Research UK,UK,1292,349,222,27.0,17.2,philanthropy,F4320319985,True
Syöpäsäätiö,Finland,100,27,14,27.0,14.0,,F4320326591,False
Naito Foundation,Japan,130,35,11,26.9,8.5,,F4320309785,False
Deutsches Zentrum für Infektionsforschung,Germany,171,46,15,26.9,8.8,,F4320311052,False
"University of California, Davis",USA,208,56,28,26.9,13.5,,F4320332564,False
Knut och Alice Wallenbergs Stiftelse,Sweden,805,216,137,26.8,17.0,,F4320322327,False
NHLBI Division of Intramural Research,USA,246,66,29,26.8,11.8,,F4320338421,False
The Wellcome Trust DBT India Alliance,India,153,41,17,26.8,11.1,,F4320325580,False
Department of Energy,USA,1586,425,248,26.8,15.6,government,F4320306084,True
Centre National de la Recherche Scientifique,France,697,186,103,26.7,14.8,government,F4320322892,True
Julius-Maximilians-Universität Würzburg,Germany,101,27,23,26.7,22.8,,F4320325356,False
Sveriges Lantbruksuniversitet,Sweden,184,49,19,26.6,10.3,,F4320322582,False
Medical Research Foundation,UK,189,50,35,26.5,18.5,government,F4320338126,True
Yale University,USA,231,61,42,26.4,18.2,,F4320308380,False
Division of Environmental Biology,USA,148,39,29,26.4,19.6,,F4320337400,False
Massachusetts Institute of Technology,USA,122,32,16,26.2,13.1,,F4320309369,False
Chan Zuckerberg Initiative,USA,203,53,62,26.1,30.5,,F4320315474,False
Agence Nationale de la Recherche,France,2644,689,439,26.1,16.6,government,F4320320883,True
Universität Wien,Austria,346,90,38,26.0,11.0,,F4320321691,False
United States Department of Agriculture,USA,1277,331,139,25.9,10.9,government,F4320306114,True
Indian Council of Agricultural Research,India,178,46,10,25.8,5.6,,F4320320769,False
Fonds De La Recherche Scientifique - FNRS,Belgium,339,87,45,25.7,13.3,,F4320321390,False
Nuclear Safety and Security Commission,Korea,152,39,31,25.7,20.4,,F4320322037,False
University of Exeter,UK,134,34,21,25.4,15.7,,F4320320275,False
Ligue Contre le Cancer,France,225,57,25,25.3,11.1,,F4320322363,False
Carlsbergfondet,Denmark,131,33,22,25.2,16.8,,F4320321504,False
Agricultural Science and Technology Innovation Program,China,286,72,7,25.2,2.4,,F4320335848,False
University of Oxford,UK,468,118,94,25.2,20.1,,F4320320290,False
National Oceanic and Atmospheric Administration,USA,175,44,38,25.1,21.7,,F4320332181,False
University of Minnesota,USA,207,52,28,25.1,13.5,,F4320309636,False
Horizon 2020 Framework Programme,,2408,605,441,25.1,18.3,,F4320332999,False
Volkswagen Foundation,Germany,252,63,45,25.0,17.9,government,F4320320882,True
Michael J. Fox Foundation for Parkinson's Research,USA,264,66,52,25.0,19.7,,F4320306136,False
U.S. Fish and Wildlife Service,USA,112,28,17,25.0,15.2,,F4320332182,False
Earmarked Fund for China Agriculture Research System,China,201,50,7,24.9,3.5,,F4320335447,False
Academy of Medical Sciences,UK,169,42,20,24.9,11.8,,F4320320241,False
Gordon and Betty Moore Foundation,USA,306,76,58,24.8,19.0,,F4320306202,False
Business Finland,Finland,105,26,14,24.8,13.3,,F4320328501,False
Deutsche Krebshilfe,Germany,326,81,36,24.8,11.0,,F4320323556,False
Vlaamse regering,Belgium,492,122,91,24.8,18.5,,F4320327336,False
Sigrid Juselius Foundation (Finland),Finland,327,81,40,24.8,12.2,,F4320323760,False
Harvard University,USA,129,32,21,24.8,16.3,,F4320309622,False
Alzheimer's Society,UK,170,42,33,24.7,19.4,,F4320317015,False
National Science Foundation,USA,7611,1878,1402,24.7,18.4,government,F4320306076,True
Czech Science Foundation,Czech Republic,949,233,94,24.6,9.9,government,F4320321006,True
"Consejo Nacional de Ciencia y Tecnología, Paraguay",PY,183,45,20,24.6,10.9,,F4320328088,False
Fundacja na rzecz Nauki Polskiej,Poland,155,38,18,24.5,11.6,,F4320321042,False
Moonshot Research and Development Program,Japan,155,38,23,24.5,14.8,,F4320338247,False
University of Texas MD Anderson Cancer Center,USA,164,40,17,24.4,10.4,,F4320332521,False
Novo Nordisk Foundation,Denmark,1088,265,165,24.4,15.2,government,F4320325957,True
Helmholtz Association,Germany,181,44,41,24.3,22.7,government,F4320325698,True
National Center for Research Resources,USA,140,34,15,24.3,10.7,,F4320337375,False
Consejo Superior de Investigaciones Científicas,Spain,325,79,27,24.3,8.3,,F4320334857,False
Stockholms Universitet,Sweden,157,38,17,24.2,10.8,,F4320325669,False
Canada First Research Excellence Fund,Canada,128,31,21,24.2,16.4,government,F4320326644,True
Wellcome Trust,UK,4752,1146,803,24.1,16.9,philanthropy,F4320311904,True
National Research Foundation Singapore,Singapore,245,59,29,24.1,11.8,,F4320320709,False
Office of Defense Programs,USA,331,79,48,23.9,14.5,,F4320337003,False
Universität Hamburg,Germany,109,26,26,23.9,23.9,,F4320323381,False
Commonwealth Scientific and Industrial Research Organisation,Australia,126,30,18,23.8,14.3,,F4320320386,False
Michigan State University,USA,131,31,21,23.7,16.0,,F4320310016,False
Svenska Sällskapet för Medicinsk Forskning,Sweden,152,36,11,23.7,7.2,,F4320322128,False
Rosetrees Trust,UK,237,56,36,23.6,15.2,government,F4320320320,True
CHIST-ERA,France,196,46,36,23.5,18.4,,F4320338463,False
National Institute of Food and Agriculture,USA,1157,271,142,23.4,12.3,,F4320332299,False
Alfred P. Sloan Foundation,USA,201,47,51,23.4,25.4,,F4320306151,False
Swiss National Science Foundation,Switzerland,3496,818,559,23.4,16.0,government,F4320320924,True
National Institute of Health and Medical Research (INSERM),France,601,140,74,23.3,12.3,,F4320320893,False
Northwestern University,USA,236,55,33,23.3,14.0,,F4320309475,False
Chinese Academy of Sciences,China,1122,261,86,23.3,7.7,,F4320321133,False
Villum Fonden,Denmark,181,42,24,23.2,13.3,,F4320310490,False
Lundbeckfonden,Denmark,302,70,44,23.2,14.6,,F4320321999,False
Department of Biotechnology,India,435,100,33,23.0,7.6,government,F4320320717,True
KU Leuven,Belgium,283,65,40,23.0,14.1,,F4320322308,False
Office of Secretary of Energy,USA,527,121,95,23.0,18.0,,F4320332366,False
Stiftelsen för Strategisk Forskning,Sweden,144,33,28,22.9,19.4,,F4320320940,False
Brain and Behavior Research Foundation,USA,118,27,32,22.9,27.1,,F4320306147,False
Research Foundation Flanders,Belgium,947,217,156,22.9,16.5,philanthropy,F4320321730,True
Division of Integrative Organismal Systems,USA,105,24,18,22.9,17.1,,F4320337399,False
Novo Nordisk,Denmark,715,163,105,22.8,14.7,,F4320322436,False
Universiteit Antwerpen,Belgium,101,23,22,22.8,21.8,,F4320324595,False
Rijksuniversiteit Groningen,Netherlands,136,31,17,22.8,12.5,,F4320320933,False
U.S. Department of Defense,USA,1092,249,117,22.8,10.7,,F4320306078,False
Fondazione Cariplo,Italy,119,27,9,22.7,7.6,,F4320321499,False
McGill University,Canada,194,44,25,22.7,12.9,,F4320310638,False
University of Pennsylvania,USA,349,79,53,22.6,15.2,,F4320309370,False
University of South Carolina,USA,111,25,9,22.5,8.1,,F4320310846,False
University of Glasgow,UK,160,36,19,22.5,11.9,,F4320320337,False
Fundación Bancaria Caixa d'Estalvis i Pensions de Barcelona,Spain,107,24,12,22.4,11.2,,F4320330256,False
Takeda Science Foundation,Japan,402,90,25,22.4,6.2,government,F4320309807,True
“la Caixa” Foundation,Spain,202,45,20,22.3,9.9,,F4320312058,False
Austrian Science Fund,Austria,1545,343,185,22.2,12.0,government,F4320321181,True
Innovative Medicines Initiative,Belgium,171,38,31,22.2,18.1,,F4320326631,False
Massachusetts General Hospital,USA,113,25,25,22.1,22.1,,F4320308349,False
University of Warwick,UK,131,29,21,22.1,16.0,,F4320320279,False
University of Washington,USA,244,54,39,22.1,16.0,,F4320310094,False
Simons Foundation,USA,372,82,81,22.0,21.8,government,F4320306164,True
Universitat de València,Spain,141,31,7,22.0,5.0,,F4320321974,False
Georg-August-Universität Göttingen,Germany,123,27,19,22.0,15.4,,F4320321870,False
European Federation of Pharmaceutical Industries and Associations,Belgium,178,39,36,21.9,20.2,,F4320314178,False
Hungarian Scientific Research Fund,HU,146,32,10,21.9,6.8,government,F4320321994,True
University of North Carolina at Chapel Hill,USA,128,28,21,21.9,16.4,,F4320332600,False
Universiteit Leiden,Netherlands,101,22,17,21.8,16.8,,F4320320929,False
Universität zu Köln,Germany,110,24,12,21.8,10.9,,F4320324811,False
Israel Science Foundation,Israel,821,179,126,21.8,15.3,government,F4320322252,True
Vanderbilt University,USA,188,41,23,21.8,12.2,,F4320309151,False
Congressionally Directed Medical Research Programs,USA,221,48,19,21.7,8.6,,F4320338273,False
Leona M. and Harry B. Helmsley Charitable Trust,USA,129,28,25,21.7,19.4,,F4320309446,False
Universität Regensburg,Germany,106,23,17,21.7,16.0,,F4320323328,False
Fudan University,China,306,66,18,21.6,5.9,,F4320321851,False
Deutscher Akademischer Austauschdienst,Germany,417,90,51,21.6,12.2,,F4320320875,False
Università degli Studi di Padova,Italy,385,83,33,21.6,8.6,,F4320321966,False
Deutsche Forschungsgemeinschaft,Germany,9344,2021,1284,21.6,13.7,government,F4320320879,True
Radboud Universitair Medisch Centrum,Netherlands,107,23,12,21.5,11.2,,F4320323698,False
Yunnan Provincial Science and Technology Department,China,130,28,4,21.5,3.1,,F4320325440,False
Sun Yat-sen University,China,293,63,17,21.5,5.8,,F4320321160,False
Precursory Research for Embryonic Science and Technology,Japan,173,37,22,21.4,12.7,,F4320338111,False
Welch Foundation,USA,324,69,21,21.3,6.5,government,F4320306196,True
U.S. Department of Health and Human Services,USA,465,99,47,21.3,10.1,,F4320306085,False
UK Dementia Research Institute,UK,165,35,28,21.2,17.0,,F4320329730,False
Academia Sinica,Taiwan,217,46,18,21.2,8.3,,F4320321041,False
Eberhard Karls Universität Tübingen,Germany,213,45,27,21.1,12.7,,F4320321112,False
Key Technologies Research and Development Program,China,303,64,24,21.1,7.9,,F4320335774,False
HORIZON EUROPE Framework Programme,,1002,211,173,21.1,17.3,,F4320334322,False
University of Adelaide,Australia,109,23,13,21.1,11.9,,F4320320978,False
Imperial College London,UK,419,88,74,21.0,17.7,,F4320320283,False
American Heart Association,USA,696,146,56,21.0,8.0,philanthropy,F4320306230,True
Université de Lausanne,Switzerland,309,65,35,21.0,11.3,,F4320323831,False
American Association,USA,696,146,56,21.0,8.0,government,F4320306230,True
Guangdong Science and Technology Department,China,172,36,6,20.9,3.5,,F4320324202,False
Defense Advanced Research Projects Agency,USA,225,47,37,20.9,16.4,government,F4320332180,True
Friedrich-Schiller-Universität Jena,Germany,120,25,16,20.8,13.3,,F4320313941,False
Newcastle University,UK,169,35,15,20.7,8.9,,F4320320295,False
Fonds National de la Recherche Luxembourg,LU,241,50,30,20.7,12.4,,F4320321038,False
Bijzonder Onderzoeksfonds UGent,Belgium,141,29,12,20.6,8.5,,F4320335227,False
Ministry of Environment,Korea,194,40,17,20.6,8.8,,F4320322007,False
Cystic Fibrosis Foundation,USA,166,34,20,20.5,12.0,government,F4320306168,True
Horizon 2020,,542,111,85,20.5,15.7,,F4320335254,False
"Ministry of Education, Youth and Sports (Czech Republic)",Czech Republic,692,142,43,20.5,6.2,,F4320321005,False
National Institutes of Health,USA,28982,5940,3560,20.5,12.3,government,F4320332161,True
Youth Innovation Promotion Association,China,158,32,16,20.3,10.1,government,F4320335892,True
University Grants Commission,India,133,27,5,20.3,3.8,government,F4320320767,True
Rheinische Friedrich-Wilhelms-Universität Bonn,Germany,237,48,25,20.3,10.5,,F4320324900,False
Oxford Biomedical Research Centre,UK,233,47,42,20.2,18.0,government,F4320336045,True
Danmarks Grundforskningsfond,Denmark,213,43,40,20.2,18.8,,F4320320943,False
University of Bristol,UK,277,56,56,20.2,20.2,,F4320320360,False
Univerzita Karlova v Praze,Czech Republic,329,66,33,20.1,10.0,,F4320309755,False
BrightFocus Foundation,USA,139,28,23,20.1,16.5,,F4320308990,False
U.S. Geological Survey,USA,145,29,25,20.0,17.2,,F4320332183,False
Lanzhou University,China,100,20,6,20.0,6.0,,F4320313889,False
"Central Public-interest Scientific Institution Basal Research Fund, Chinese Academy of Fishery Sciences",China,191,38,4,19.9,2.1,,F4320338141,False
Leverhulme Trust,UK,738,147,110,19.9,14.9,government,F4320319993,True
National Aeronautics and Space Administration,USA,612,122,96,19.9,15.7,,F4320306101,False
Cancerfonden,Sweden,578,115,61,19.9,10.6,,F4320321491,False
H. Lundbeck A/S,Denmark,263,52,48,19.8,18.3,,F4320327918,False
Universität des Saarlandes,Germany,111,22,10,19.8,9.0,,F4320323322,False
Regeneron Pharmaceuticals,USA,116,23,14,19.8,12.1,,F4320311600,False
Else Kröner-Fresenius-Stiftung,Germany,253,50,36,19.8,14.2,,F4320321672,False
Netherlands Organisation for Scientific Research,Netherlands,1935,381,275,19.7,14.2,government,F4320321800,True
Eesti Teadusagentuur,EE,223,44,28,19.7,12.6,,F4320321090,False
Barts Charity,UK,102,20,10,19.6,9.8,,F4320315977,False
National University of Singapore,Singapore,153,30,17,19.6,11.1,,F4320320698,False
Yangzhou University,China,102,20,1,19.6,1.0,,F4320324130,False
National Postdoctoral Program for Innovative Talents,China,102,20,7,19.6,6.9,,F4320335768,False
Fonds de Recherche du Québec - Santé,Canada,378,74,53,19.6,14.0,,F4320334618,False
University of Southampton,UK,113,22,12,19.5,10.6,,F4320320277,False
Centres de Recerca de Catalunya,Spain,210,41,26,19.5,12.4,,F4320315803,False
Genentech,USA,289,56,37,19.4,12.8,,F4320332193,False
UK Research and Innovation,UK,14781,2868,2015,19.4,13.6,government,F4320314731,True
Japan Agency for Medical Research and Development,Japan,1733,337,119,19.4,6.9,government,F4320311405,True
Bundesministerium fur Bildung und Forschung,Germany,2710,525,409,19.4,15.1,government,F4320321114,True
Pennsylvania State University,USA,103,20,15,19.4,14.6,,F4320310419,False
Fundação Oswaldo Cruz,Brazil,166,32,11,19.3,6.6,,F4320323917,False
Natural Sciences and Engineering Research Council of Canada,Canada,2752,531,358,19.3,13.0,government,F4320334593,True
Australian Research Council,Australia,1223,236,137,19.3,11.2,government,F4320334704,True
Purdue University,USA,109,21,7,19.3,6.4,,F4320309036,False
Celgene,USA,120,23,17,19.2,14.2,,F4320309086,False
Universitetet i Bergen,Norway,182,35,22,19.2,12.1,,F4320323078,False
Shanghai Municipal Commission,China,141,27,7,19.1,5.0,government,F4320321881,True
Shanghai Municipal Education Commission,China,141,27,7,19.1,5.0,government,F4320321881,True
Ministry of Science and Technology of the People's Republic of China,China,564,108,33,19.1,5.9,,F4320321540,False
State Research Agency (Spain),Spain,1985,379,173,19.1,8.7,,F4320335598,False
University of Illinois at Urbana-Champaign,USA,152,29,21,19.1,13.8,,F4320332222,False
"Council of Scientific and Industrial Research, India",India,199,38,12,19.1,6.0,,F4320320721,False
"Ministério da Ciência, Tecnologia e Inovação",Brazil,115,22,8,19.1,7.0,,F4320321992,False
Chinese Academy of Medical Sciences,China,304,58,23,19.1,7.6,,F4320323137,False
Taishan Scholar Foundation of Shandong Province,China,141,27,8,19.1,5.7,,F4320326185,False
Danmarks Frie Forskningsfond,Denmark,142,27,15,19.0,10.6,,F4320327387,False
Ministry of Education - Singapore,Singapore,242,46,30,19.0,12.4,,F4320320751,False
University of Queensland,Australia,221,42,23,19.0,10.4,,F4320320984,False
Japan Science and Technology Agency,Japan,945,180,74,19.0,7.8,government,F4320334789,True
Turun Yliopisto,Finland,126,24,13,19.0,10.3,,F4320323313,False
Chulalongkorn University,Thailand,212,40,11,18.9,5.2,,F4320321557,False
University of New South Wales,Australia,259,49,37,18.9,14.3,,F4320320965,False
Academy of Finland,Finland,1020,193,113,18.9,11.1,,F4320321108,False
"Ministry of Business, Innovation and Employment",New Zealand,117,22,16,18.8,13.7,,F4320321983,False
"Agency for Science, Technology and Research",Singapore,202,38,26,18.8,12.9,,F4320320696,False
Danmarks Frie Forskningsfond,Denmark,186,35,26,18.8,14.0,,F4320322928,False
Emory University,USA,218,41,27,18.8,12.4,,F4320309381,False
Macquarie University,Australia,107,20,15,18.7,14.0,,F4320320591,False
Ohio State University,USA,166,31,13,18.7,7.8,,F4320309374,False
Defense Threat Reduction Agency,USA,123,23,13,18.7,10.6,government,F4320332186,True
Johns Hopkins University,USA,348,65,41,18.7,11.8,,F4320310145,False
Zhejiang University,China,296,55,20,18.6,6.8,,F4320322927,False
Swedish Research Council,Sweden,3037,566,352,18.6,11.6,government,F4320322581,True
Robert Koch Institut,Germany,102,19,12,18.6,11.8,,F4320332132,False
Innovációs és Technológiai Minisztérium,HU,113,21,11,18.6,9.7,,F4320328991,False
University of Pittsburgh,USA,189,35,22,18.5,11.6,,F4320310174,False
Suomen Kulttuurirahasto,Finland,271,50,30,18.5,11.1,,F4320321726,False
Svenska Forskningsrådet Formas,Sweden,492,91,71,18.5,14.4,,F4320321033,False
Georgia Clinical and Translational Science Alliance,USA,162,30,18,18.5,11.1,,F4320316438,False
Bundesministerium für Ernährung und Landwirtschaft,Germany,135,25,15,18.5,11.1,,F4320323499,False
Canada Research Chairs,Canada,441,81,69,18.4,15.6,,F4320320994,False
Universität Bielefeld,Germany,136,25,24,18.4,17.6,,F4320323389,False
Fonds de recherche du Québec – Nature et technologies,Canada,158,29,30,18.4,19.0,,F4320334841,False
Government of the United Kingdom,UK,213,39,32,18.3,15.0,,F4320314707,False
European Commission,EU,9202,1683,1161,18.3,12.6,supranational,F4320320300,True
Core Research for Evolutional Science and Technology,Japan,378,69,35,18.3,9.3,,F4320338075,False
"National Agency for Research and Development (ANID, Chile)",CL,571,104,45,18.2,7.9,,F4320331146,False
Hebrew University of Jerusalem,Israel,143,26,13,18.2,9.1,,F4320321950,False
Institute for Basic Science,Korea,127,23,24,18.1,18.9,,F4320326441,False
Universität Zürich,Switzerland,548,99,74,18.1,13.5,,F4320323874,False
Universität Heidelberg,Germany,116,21,16,18.1,13.8,,F4320320881,False
Royal Society,UK,998,180,123,18.0,12.3,philanthropy,F4320320006,True
Jane ja Aatos Erkon Säätiö,Finland,244,44,27,18.0,11.1,,F4320322282,False
Taishan Scholar Project of Shandong Province,China,111,20,5,18.0,4.5,,F4320326189,False
"Dirección General de Asuntos del Personal Académico, Universidad Nacional Autónoma de México",Mexico,306,55,20,18.0,6.5,,F4320335100,False
Alexander von Humboldt-Stiftung,Germany,637,114,73,17.9,11.5,,F4320308269,False
Masarykova Univerzita,Czech Republic,106,19,6,17.9,5.7,,F4320326548,False
Kungliga Tekniska Högskolan,Sweden,106,19,16,17.9,15.1,,F4320322509,False
National Institute for Health Research Health Protection Research Unit,UK,184,33,41,17.9,22.3,,F4320318095,False
Centers for Disease Control and Prevention,USA,1134,203,95,17.9,8.4,,F4320332162,False
"National Research, Development and Innovation Office",HU,358,64,30,17.9,8.4,,F4320336675,False
Consiglio Nazionale delle Ricerche,Italy,101,18,8,17.8,7.9,,F4320322651,False
"Science, Technology and Innovation Commission of Shenzhen Municipality",China,326,58,19,17.8,5.8,,F4320326705,False
Amsterdam University Medical Centers,Netherlands,141,25,14,17.7,9.9,,F4320319101,False
Australian Government,Australia,699,122,83,17.5,11.9,,F4320315885,False
Narodowym Centrum Nauki,Poland,681,119,50,17.5,7.3,,F4320322650,False
North-West University,South Africa,143,25,3,17.5,2.1,,F4320323194,False
Bayer,Germany,121,21,13,17.4,10.7,,F4320307771,False
Oak Ridge Institute for Science and Education,USA,109,19,10,17.4,9.2,,F4320332382,False
King Abdullah University of Science and Technology,Saudi Arabia,224,39,27,17.4,12.1,,F4320322320,False
Eunice Kennedy Shriver National Institute of Child Health and Human Development,USA,855,149,78,17.4,9.1,,F4320337611,False
U.S. Department of Veterans Affairs,USA,815,142,65,17.4,8.0,,F4320306127,False
University of Toronto,Canada,235,41,36,17.4,15.3,,F4320322015,False
Bill and Melinda Gates Foundation,USA,2486,431,305,17.3,12.3,philanthropy,F4320306137,True
HORIZON EUROPE European Research Council,,2039,353,312,17.3,15.3,,F4320338453,False
Generalitat de Catalunya,Spain,655,113,66,17.3,10.1,,F4320321505,False
"School of Medicine, Shanghai Jiao Tong University",China,127,22,6,17.3,4.7,,F4320335305,False
Young Scientists Fund,China,104,18,16,17.3,15.4,,F4320335581,False
Cardiff University,UK,116,20,16,17.2,13.8,,F4320320350,False
Helsingin Yliopisto,Finland,464,80,50,17.2,10.8,,F4320310086,False
Emil Aaltosen Säätiö,Finland,105,18,10,17.1,9.5,,F4320322861,False
Natural Science Foundation for Young Scientists of Shanxi Province,China,140,24,10,17.1,7.1,,F4320331088,False
Diabetes UK,UK,135,23,20,17.0,14.8,,F4320320065,False
U.S. Food and Drug Administration,USA,159,27,15,17.0,9.4,,F4320332163,False
Program of Shanghai Academic Research Leader,China,106,18,7,17.0,6.6,,F4320335796,False
Jiangsu Agricultural Science and Technology Innovation Fund,China,106,18,4,17.0,3.8,,F4320309870,False
Junta de Andalucía,Spain,288,49,12,17.0,4.2,,F4320326754,False
Shanghai Jiao Tong University,China,324,55,24,17.0,7.4,,F4320322999,False
Research England,UK,118,20,15,16.9,12.7,,F4320336061,False
Ludwig-Maximilians-Universität München,Germany,195,33,29,16.9,14.9,,F4320323390,False
Kunming Medical University,China,107,18,2,16.8,1.9,,F4320322268,False
Xunta de Galicia,Spain,226,38,11,16.8,4.9,,F4320326655,False
Government of Canada,Canada,138,23,16,16.7,11.6,,F4320319880,False
China Scholarship Council,China,1635,273,141,16.7,8.6,government,F4320322725,True
Oulun Yliopisto,Finland,102,17,9,16.7,8.8,,F4320323692,False
Ministerstvo Zdravotnictví Ceské Republiky,Czech Republic,283,47,18,16.6,6.4,,F4320321798,False
Research Council of Norway,Norway,1274,211,167,16.6,13.1,,F4320323299,False
National Health and Medical Research Council,Australia,2406,399,227,16.6,9.4,government,F4320334705,True
China Academy of Chinese Medical Sciences,China,109,18,5,16.5,4.6,,F4320323485,False
"Ministero dell’Istruzione, dell’Università e della Ricerca",Italy,698,115,61,16.5,8.7,,F4320321873,False
Science and Technology Planning Project of Guangdong Province,China,278,46,9,16.5,3.2,,F4320335795,False
National Research Council of Thailand,Thailand,393,65,11,16.5,2.8,,F4320322817,False
KWF Kankerbestrijding,Netherlands,242,40,19,16.5,7.9,,F4320322777,False
Bristol-Myers Squibb,USA,421,69,53,16.4,12.6,,F4320307115,False
King's College London,UK,323,53,44,16.4,13.6,,F4320320285,False
Science and Engineering Research Board,India,495,81,26,16.4,5.3,,F4320334771,False
Dipartimenti di Eccellenza,Italy,116,19,12,16.4,10.3,,F4320317295,False
HORIZON EUROPE Marie Sklodowska-Curie Actions,,525,86,54,16.4,10.3,,F4320338438,False
Merck KGaA,Germany,123,20,9,16.3,7.3,,F4320311647,False
University College London,UK,349,57,59,16.3,16.9,,F4320320286,False
Deutsches Zentrum für Herz-Kreislaufforschung,Germany,129,21,15,16.3,11.6,,F4320312069,False
"Division of Electrical, Communications and Cyber Systems",USA,147,24,8,16.3,5.4,,F4320337392,False
"Nemzeti Kutatási, Fejlesztési és Innovaciós Alap",HU,356,58,24,16.3,6.7,,F4320335908,False
Shanghai Rising-Star Program,China,173,28,12,16.2,6.9,,F4320327803,False
Universitair Medisch Centrum Groningen,Netherlands,130,21,13,16.2,10.0,,F4320323105,False
Hokkaido University,Japan,105,17,6,16.2,5.7,,F4320323533,False
Ministerio de Economia y Competitividad,Spain,419,68,28,16.2,6.7,government,F4320321837,True
Helse Sør-Øst RHF,Norway,198,32,20,16.2,10.1,,F4320335102,False
Canada Foundation for Innovation,Canada,160,26,23,16.2,14.4,,F4320320995,False
University of Miami,USA,105,17,13,16.2,12.4,,F4320309249,False
Interreg,,160,26,10,16.2,6.2,,F4320337753,False
Guangxi Key Research and Development Program,China,149,24,9,16.1,6.0,,F4320336589,False
"National Council of Science and Technology (CONACYT, Mexico)",Mexico,866,139,53,16.1,6.1,,F4320321739,False
Fundamental Research Funds for Central Universities of the Central South University,China,124,20,10,16.1,8.1,,F4320335880,False
European Cooperation in Science and Technology,Belgium,286,46,13,16.1,4.5,,F4320320366,False
Priority Academic Program Development of Jiangsu Higher Education Institutions,China,459,74,10,16.1,2.2,,F4320327518,False
Guangzhou Science and Technology Program key projects,China,100,16,2,16.0,2.0,,F4320334898,False
Ministry of Science and Innovation (Spain),Spain,2555,410,192,16.0,7.5,,F4320322930,False
Michael Smith Health Research BC,Canada,144,23,22,16.0,15.3,,F4320319965,False
Key Research and Development Program of Jiangxi Province,China,100,16,4,16.0,4.0,,F4320327780,False
Army Research Office,USA,301,48,54,15.9,17.9,,F4320338281,False
Albert-Ludwigs-Universität Freiburg,Germany,138,22,12,15.9,8.7,,F4320321421,False
European Regional Development Fund,EU,2738,434,184,15.9,6.7,supranational,F4320335322,True
Rural Development Administration,Korea,251,40,6,15.9,2.4,,F4320322035,False
"NIHR Biomedical Research Centre, Royal Marsden NHS Foundation Trust/Institute of Cancer Research",UK,107,17,6,15.9,5.6,,F4320315071,False
Bundesministerium für Gesundheit,Germany,165,26,26,15.8,15.8,,F4320321721,False
University of Cambridge,UK,259,41,25,15.8,9.7,,F4320320273,False
National Science Centre,Poland,1686,266,85,15.8,5.0,government,F4320322511,True
Generalitat Valenciana,Spain,432,68,30,15.7,6.9,,F4320321864,False
Alzheimer’s Research UK,UK,127,20,16,15.7,12.6,,F4320321081,False
Wuhan University,China,185,29,8,15.7,4.3,,F4320324116,False
Natural Science Foundation of Shanghai,China,586,92,28,15.7,4.8,,F4320309612,False
Karl-Franzens-Universität Graz,Austria,127,20,10,15.7,7.9,,F4320325582,False
Canadian Institutes of Health Research,Canada,2619,411,263,15.7,10.0,government,F4320334506,True
Universität Duisburg-Essen,Germany,115,18,7,15.7,6.1,,F4320325052,False
National Medical Research Council,Singapore,318,50,36,15.7,11.3,government,F4320334737,True
Berlin Institute of Health,Germany,108,17,16,15.7,14.8,,F4320329666,False
Special Project for Research and Development in Key areas of Guangdong Province,China,128,20,8,15.6,6.2,,F4320336405,False
Office of Naval Research,USA,416,65,54,15.6,13.0,,F4320337345,False
Comunidad de Madrid,Spain,355,55,30,15.5,8.5,,F4320313831,False
Institució Catalana de Recerca i Estudis Avançats,Spain,103,16,10,15.5,9.7,,F4320322121,False
University of Hong Kong,Hong Kong,129,20,12,15.5,9.3,,F4320322170,False
Carl Tryggers Stiftelse för Vetenskaplig Forskning,Sweden,110,17,14,15.5,12.7,,F4320321501,False
Astellas Pharma,Japan,155,24,13,15.5,8.4,,F4320323024,False
Université de Genève,Switzerland,265,41,19,15.5,7.2,,F4320323830,False
University of Bern,Switzerland,338,52,34,15.4,10.1,,F4320310992,False
Natural Science Foundation of Ningxia Province,China,136,21,4,15.4,2.9,,F4320322877,False
Japan Society for the Promotion of Science London,UK,208,32,16,15.4,7.7,,F4320320212,False
Natural Science Foundation of Fujian Province,China,793,122,23,15.4,2.9,,F4320321878,False
"National Agency for Scientific and Technological Promotion (ANPCyT, Argentina)",AR,262,40,12,15.3,4.6,,F4320334832,False
"Department of Science and Technology, Ministry of Science and Technology, India",India,398,61,19,15.3,4.8,,F4320320719,False
Science Foundation Ireland,Ireland,673,103,72,15.3,10.7,,F4320320847,False
"National Research, Development and Innovation Office (Hungary)",HU,428,65,29,15.2,6.8,,F4320326762,False
Hungarian Academy of Sciences,HU,343,52,31,15.2,9.0,,F4320322192,False
Università di Bologna,Italy,112,17,10,15.2,8.9,,F4320323553,False
Health Canada,Canada,152,23,15,15.1,9.9,,F4320334392,False
Japan Society for the Promotion of Science,Japan,6680,1009,376,15.1,5.6,government,F4320334764,True
NIH Clinical Center,USA,166,25,13,15.1,7.8,,F4320337376,False
Zagazig University,EG,172,26,6,15.1,3.5,,F4320324156,False
"Ministry of Science, Innovation and Universities (Spain)",Spain,1003,151,71,15.1,7.1,,F4320315062,False
Shandong University,China,218,33,8,15.1,3.7,,F4320311026,False
"Faculty of Medicine and Health, University of Sydney",Australia,140,21,13,15.0,9.3,,F4320337083,False
McMaster University,Canada,113,17,16,15.0,14.2,,F4320311526,False
Natural Science Foundation of Nantong City,China,120,18,3,15.0,2.5,,F4320316882,False
Canada Foundation for Innovation,Canada,207,31,25,15.0,12.1,,F4320319952,False
Servier,France,289,43,36,14.9,12.5,,F4320327235,False
University of Edinburgh,UK,101,15,18,14.9,17.8,,F4320320332,False
"Ministry of Education, Culture, Sports, Science and Technology",Japan,1133,168,71,14.8,6.3,government,F4320320912,True
Higher Education Discipline Innovation Project,China,284,42,14,14.8,4.9,,F4320327912,False
EU Joint Programme – Neurodegenerative Disease Research,Belgium,162,24,22,14.8,13.6,,F4320314158,False
Universität Basel,Switzerland,304,45,33,14.8,10.9,,F4320310466,False
University of Pretoria,South Africa,122,18,7,14.8,5.7,,F4320320692,False
Italian Ministry,Italy,1999,295,98,14.8,4.9,government,F4320321781,True
Guangxi Natural Science Foundation,China,300,44,9,14.7,3.0,government,F4320322768,True
Sichuan University,China,416,61,15,14.7,3.6,,F4320322990,False
U.S. Environmental Protection Agency,USA,156,23,26,14.7,16.7,,F4320306107,False
Philipps-Universität Marburg,Germany,191,28,18,14.7,9.4,,F4320310905,False
Universidade de São Paulo,Brazil,109,16,8,14.7,7.3,,F4320323339,False
Universitetet i Oslo,Norway,309,45,30,14.6,9.7,,F4320323260,False
Shenzhen Science and Technology Innovation Program,China,151,22,4,14.6,2.6,,F4320336569,False
"Foreign, Commonwealth and Development Office",UK,240,35,23,14.6,9.6,,F4320330760,False
Youth Innovation Promotion Association of the Chinese Academy of Sciences,China,309,45,21,14.6,6.8,,F4320322847,False
GlaxoSmithKline,UK,309,45,32,14.6,10.4,,F4320307773,False
Chinese University of Hong Kong,Hong Kong,157,23,17,14.6,10.8,,F4320322942,False
Peking University,China,492,72,34,14.6,6.9,,F4320324787,False
Shanxi Provincial Key Research and Development Project,China,137,20,1,14.6,0.7,,F4320336035,False
Science and Technology Commission of Shanghai Municipality,China,1033,150,61,14.5,5.9,,F4320321885,False
Helsingin ja Uudenmaan Sairaanhoitopiiri,Finland,117,17,9,14.5,7.7,,F4320310467,False
Sapienza Università di Roma,Italy,186,27,10,14.5,5.4,,F4320322510,False
European Social Fund,EU,454,66,31,14.5,6.8,government,F4320338080,True
H2020 European Research Council,,2074,300,231,14.5,11.1,,F4320338335,False
Natural Science Foundation of Jilin Province,China,382,55,16,14.4,4.2,,F4320310121,False
Università degli Studi di Milano,Italy,308,44,20,14.3,6.5,,F4320313475,False
H2020 Marie Skłodowska-Curie Actions,,1087,155,111,14.3,10.2,,F4320338337,False
European and Developing Countries Clinical Trials Partnership,Netherlands,279,40,23,14.3,8.2,,F4320338462,False
Science and Technology Facilities Council,UK,230,33,31,14.3,13.5,,F4320334632,False
Basic Energy Sciences,USA,739,106,55,14.3,7.4,,F4320337480,False
F. Hoffmann-La Roche,Switzerland,133,19,15,14.3,11.3,,F4320309432,False
Thailand Science Research and Innovation,Thailand,245,35,5,14.3,2.0,,F4320329659,False
Huazhong University of Science and Technology,China,120,17,4,14.2,3.3,,F4320321883,False
National Heart Foundation of Australia,Australia,106,15,6,14.2,5.7,,F4320320442,False
Stockholms Läns Landsting,Sweden,106,15,9,14.2,8.5,,F4320322570,False
Narodowa Agencja Wymiany Akademickiej,Poland,176,25,15,14.2,8.5,,F4320328499,False
University of Tokyo,Japan,304,43,26,14.1,8.6,,F4320322832,False
University of Southern California,USA,256,36,24,14.1,9.4,,F4320308668,False
Fundação de Amparo à Pesquisa do Estado do Rio Grande do Sul,Brazil,142,20,5,14.1,3.5,,F4320322502,False
Indian Council of Medical Research,India,411,58,17,14.1,4.1,,F4320320720,False
Social Sciences and Humanities Research Council of Canada,Canada,375,53,34,14.1,9.1,,F4320334617,False
Junta de Castilla y León,Spain,121,17,5,14.0,4.1,,F4320328351,False
Universidad Nacional Autónoma de México,Mexico,200,28,13,14.0,6.5,,F4320323401,False
Universitat de Barcelona,Spain,164,23,11,14.0,6.7,,F4320323428,False
Debreceni Egyetem,HU,114,16,8,14.0,7.0,,F4320325658,False
Natural Science Foundation of Guangdong Province,China,1249,175,36,14.0,2.9,,F4320321921,False
Natural Science Foundation of Guangxi Zhuang Autonomous Region,China,171,24,5,14.0,2.9,,F4320313613,False
Guangzhou Municipal Science and Technology Project,China,394,55,16,14.0,4.1,,F4320335480,False
Ministry of Oceans and Fisheries,Korea,129,18,4,14.0,3.1,,F4320322011,False
Cambridge Biomedical Research Centre,UK,331,46,46,13.9,13.9,government,F4320336709,True
"Ministry of Agriculture, Food and Rural Affairs",Korea,173,24,2,13.9,1.2,,F4320322033,False
VINNOVA,Sweden,209,29,20,13.9,9.6,,F4320321030,False
Erasmus+,,173,24,10,13.9,5.8,,F4320335551,False
NIHR Maudsley Biomedical Research Centre,UK,108,15,14,13.9,13.0,,F4320334412,False
Crafoordska Stiftelsen,Sweden,108,15,12,13.9,11.1,,F4320321761,False
"National Scientific and Technical Research Council (CONICET, Argentina)",AR,345,48,26,13.9,7.5,,F4320321594,False
China Postdoctoral Science Foundation,China,2930,405,112,13.8,3.8,government,F4320321543,True
Science and Technology Program of Zhejiang Province,China,160,22,5,13.8,3.1,,F4320338469,False
Iran National Science Foundation,Iran,152,21,7,13.8,4.6,,F4320322243,False
Instituto de Salud Carlos III,Spain,1589,218,87,13.7,5.5,,F4320334923,False
National Institute of Standards and Technology,USA,117,16,13,13.7,11.1,,F4320332178,False
Agència de Gestió d'Ajuts Universitaris i de Recerca,Spain,344,47,30,13.7,8.7,,F4320334830,False
Guangdong Medical Research Foundation,China,139,19,6,13.7,4.3,,F4320322161,False
United States Agency for International Development,USA,424,58,31,13.7,7.3,,F4320306115,False
Biogen,USA,241,33,42,13.7,17.4,,F4320308604,False
Westfälische Wilhelms-Universität Münster,Germany,153,21,22,13.7,14.4,,F4320322957,False
Aarhus Universitet,Denmark,220,30,25,13.6,11.4,,F4320309928,False
Uppsala Universitet,Sweden,546,74,54,13.6,9.9,,F4320324119,False
Qatar National Research Fund,QA,125,17,2,13.6,1.6,,F4320332753,False
Peking Union Medical College,China,125,17,8,13.6,6.4,,F4320326853,False
Irish Research Council,Ireland,213,29,9,13.6,4.2,government,F4320321056,True
Versus Arthritis,UK,176,24,17,13.6,9.7,,F4320327444,False
Centre Scientifique et Technique du Bâtiment,France,207,28,4,13.5,1.9,,F4320327639,False
"West China Hospital, Sichuan University",China,347,47,13,13.5,3.7,,F4320336042,False
National College Students Innovation and Entrepreneurship Training Program,China,104,14,4,13.5,3.8,,F4320336008,False
Innovate UK,UK,193,26,18,13.5,9.3,,F4320335087,False
Eusko Jaurlaritza,Spain,282,38,23,13.5,8.2,,F4320321705,False
Key Technology Research and Development Program of Shandong,China,357,48,8,13.4,2.2,,F4320333596,False
University of Melbourne,Australia,231,31,22,13.4,9.5,,F4320320974,False
Research to Prevent Blindness,USA,268,36,18,13.4,6.7,,F4320306811,False
Fundacao para a Ciencia e a Tecnologia,Portugal,1965,264,131,13.4,6.7,government,F4320334779,True
Umeå Universitet,Sweden,294,39,21,13.3,7.1,,F4320322971,False
Anhui Medical University,China,195,26,11,13.3,5.6,,F4320321603,False
Yonsei University,Korea,143,19,8,13.3,5.6,,F4320321314,False
Fundacao de Amparo a Pesquisa do Estado de Sao Paulo,Brazil,1743,232,91,13.3,5.2,government,F4320320997,True
Universität Ulm,Germany,165,22,9,13.3,5.5,,F4320325530,False
Universitat Autònoma de Barcelona,Spain,106,14,6,13.2,5.7,,F4320326826,False
Ain Shams University,EG,302,40,8,13.2,2.6,,F4320321119,False
Natural Science Foundation of Jiangxi Province,China,454,60,14,13.2,3.1,,F4320322665,False
Universidad de Granada,Spain,144,19,8,13.2,5.6,,F4320323834,False
Lietuvos Mokslo Taryba,LT,219,29,6,13.2,2.7,,F4320322689,False
Vedecká Grantová Agentúra MŠVVaŠ SR a SAV,SK,235,31,12,13.2,5.1,,F4320323641,False
Division of Graduate Education,USA,212,28,21,13.2,9.9,,F4320337368,False
Tongji University,China,151,20,6,13.2,4.0,,F4320322449,False
British Heart Foundation,UK,807,106,95,13.1,11.8,government,F4320319992,True
Österreichische Forschungsförderungsgesellschaft,Austria,236,31,19,13.1,8.1,,F4320323031,False
Russian Science Foundation,Russia,1587,208,47,13.1,3.0,government,F4320324099,True
Natural Science Foundation of Gansu Province,China,260,34,6,13.1,2.3,,F4320322880,False
Government of Jiangsu Province,China,1235,162,33,13.1,2.7,,F4320321605,False
Science and Technology Program of Guizhou Province,China,169,22,7,13.0,4.1,,F4320336617,False
Università degli Studi di Torino,Italy,138,18,5,13.0,3.6,,F4320324041,False
National Research Foundation,South Africa,3161,411,173,13.0,5.5,,F4320320671,False
State Administration of Traditional Chinese Medicine of the People's Republic of China,China,108,14,1,13.0,0.9,,F4320323484,False
University of Alberta,Canada,132,17,13,12.9,9.8,,F4320319946,False
Health~Holland,Netherlands,101,13,13,12.9,12.9,,F4320316279,False
Department of Science and Technology of Jilin Province,China,225,29,6,12.9,2.7,,F4320327282,False
"National Fund for Scientific and Technological Development (FONDECYT, Chile)",CL,225,29,10,12.9,4.4,,F4320338073,False
National Key Research and Development Program,China,10383,1328,397,12.8,3.8,government,F4320335777,True
"Chief Scientist Office, Scottish Government Health and Social Care Directorate",UK,156,20,26,12.8,16.7,,F4320333685,False
Rio de Janeiro Research Foundation (FAPERJ),Brazil,534,68,25,12.7,4.7,,F4320322749,False
Slovak Research and Development Agency (APVV),SK,330,42,18,12.7,5.5,,F4320323251,False
Patient-Centered Outcomes Research Institute,USA,110,14,5,12.7,4.5,,F4320308927,False
National Natural Science Foundation of China,China,47356,6018,1761,12.7,3.7,government,F4320321001,True
Alzheimer's Association,USA,465,59,63,12.7,13.5,,F4320306219,False
"Ministry of Education, India",India,495,63,25,12.7,5.1,,F4320322724,False
Technische Universität Dresden,Germany,286,36,27,12.6,9.4,,F4320321613,False
Fundamental Research Funds for the Central Universities,China,3155,396,166,12.6,5.3,,F4320335787,False
Københavns Universitet,Denmark,342,43,27,12.6,7.9,,F4320320945,False
National Science and Technology Major Project,China,224,28,10,12.5,4.5,,F4320329860,False
Cambridge Trust,UK,104,13,16,12.5,15.4,,F4320321848,False
People's Government of Jilin Province,China,433,54,12,12.5,2.8,,F4320322174,False
University of Otago,New Zealand,104,13,14,12.5,13.5,,F4320310371,False
Ministry of Science and Higher Education of the Russian Federation,Russia,665,83,23,12.5,3.5,,F4320327494,False
Universidad Complutense de Madrid,Spain,104,13,2,12.5,1.9,,F4320321585,False
University of Nottingham,UK,105,13,12,12.4,11.4,,F4320320324,False
Yonsei University College of Medicine,Korea,113,14,7,12.4,6.2,,F4320335295,False
Central South University,China,225,28,14,12.4,6.2,,F4320321514,False
Hjärnfonden,Sweden,217,27,19,12.4,8.8,,F4320322168,False
Karolinska Institute,Sweden,1109,137,104,12.4,9.4,government,F4320322315,True
Medizinische Universität Wien,Austria,266,33,12,12.4,4.5,,F4320323437,False
National Council for Scientific and Technological Development (CNPq),Brazil,3479,433,181,12.4,5.2,,F4320322025,False
Nanjing University,China,186,23,11,12.4,5.9,,F4320324852,False
Basic and Applied Basic Research Foundation of Guangdong Province,China,1736,215,63,12.4,3.6,,F4320337111,False
Universitetet i Tromsø,Norway,169,21,9,12.4,5.3,,F4320309820,False
Zhejiang Provincial Natural Science Foundation,China,1499,185,57,12.3,3.8,government,F4320338464,True
Università di Pisa,Italy,106,13,7,12.3,6.6,,F4320324499,False
Hrvatska Zaklada za Znanost,HR,325,40,11,12.3,3.4,,F4320322674,False
Kræftens Bekæmpelse,Denmark,106,13,6,12.3,5.7,,F4320310455,False
National Outstanding Youth Science Fund Project of National Natural Science Foundation of China,China,374,46,21,12.3,5.6,,F4320333688,False
Natural Science Foundation of Inner Mongolia,China,220,27,6,12.3,2.7,,F4320322868,False
Innovation and Technology Commission,Hong Kong,131,16,18,12.2,13.7,,F4320321920,False
Natural Science Basic Research Program of Shaanxi Province,China,237,29,12,12.2,5.1,,F4320336567,False
Fogarty International Center,USA,436,53,33,12.2,7.6,government,F4320337356,True
National Science Fund for Distinguished Young Scholars,China,173,21,6,12.1,3.5,,F4320336125,False
Department of Science and Technology of Sichuan Province,China,406,49,13,12.1,3.2,,F4320322922,False
Natural Science Foundation of Heilongjiang Province,China,390,47,14,12.1,3.6,,F4320323085,False
International Development Research Centre,Canada,149,18,11,12.1,7.4,,F4320319949,False
Korea Basic Science Institute,Korea,173,21,3,12.1,1.7,,F4320322111,False
National Taiwan University,Taiwan,233,28,15,12.0,6.4,,F4320323900,False
Sichuan Province Science and Technology Support Program,China,325,39,7,12.0,2.2,,F4320333335,False
Copenhagen Graduate School for Nanoscience and Nanotechnology,Denmark,334,40,25,12.0,7.5,,F4320323939,False
Sanming Project of Medicine in Shenzhen,China,274,33,11,12.0,4.0,,F4320335767,False
Japan Science and Technology Corporation,Japan,126,15,15,11.9,11.9,,F4320320907,False
"Xiangya Hospital, Central South University",China,101,12,4,11.9,4.0,,F4320335740,False
European Space Agency,France,109,13,15,11.9,13.8,,F4320318240,False
Eli Lilly and Company,USA,512,61,55,11.9,10.7,,F4320307758,False
Medizinische Universität Graz,Austria,109,13,7,11.9,6.4,,F4320326239,False
"Research Grants Council, University Grants Committee",Hong Kong,253,30,25,11.9,9.9,,F4320321592,False
Natural Science Foundation of Henan Province,China,794,94,23,11.8,2.9,,F4320323845,False
Prince of Songkla University,Thailand,102,12,1,11.8,1.0,,F4320322692,False
National Health Research Institutes,Taiwan,246,29,11,11.8,4.5,,F4320322845,False
Natural Science Foundation of Anhui Province,China,376,44,15,11.7,4.0,,F4320334897,False
Henan Provincial Science and Technology Research Project,China,291,34,9,11.7,3.1,,F4320336593,False
Department of Health and Social Care,UK,1111,130,118,11.7,10.6,,F4320319994,False
National Institute for Health Research,UK,3882,456,424,11.7,10.9,government,F4320319990,True
Jiangsu Provincial Key Research and Development Program,China,162,19,10,11.7,6.2,,F4320327777,False
AstraZeneca,UK,707,83,52,11.7,7.4,,F4320307770,False
Pfizer,USA,944,110,82,11.7,8.7,,F4320307765,False
Jilin University,China,146,17,4,11.6,2.7,,F4320322300,False
University of Leeds,UK,147,17,16,11.6,10.9,,F4320320298,False
Natural Science Foundation of Shandong Province,China,2031,235,54,11.6,2.7,,F4320324174,False
Natural Science Foundation of Ningbo,China,215,25,10,11.6,4.7,,F4320332587,False
Universidade do Porto,Portugal,146,17,11,11.6,7.5,,F4320324086,False
"Division of Civil, Mechanical and Manufacturing Innovation",USA,146,17,19,11.6,13.0,,F4320337391,False
Natural Science Foundation of Jiangsu Province,China,1219,141,30,11.6,2.5,,F4320322769,False
Samsung,Korea,148,17,20,11.5,13.5,,F4320332195,False
Strong,USA,182,21,13,11.5,7.1,,F4320314997,False
RWTH Aachen University,Germany,209,24,23,11.5,11.0,,F4320324232,False
Göteborgs Universitet,Sweden,452,52,34,11.5,7.5,,F4320323421,False
Lunds Universitet,Sweden,543,62,48,11.4,8.8,,F4320321806,False
Monash University,Australia,281,32,18,11.4,6.4,,F4320320971,False
Beijing Nova Program,China,210,24,12,11.4,5.7,,F4320334978,False
Natural Science Foundation of Sichuan Province,China,572,65,17,11.4,3.0,,F4320329861,False
Jiangsu Commission of Health,China,175,20,3,11.4,1.7,,F4320317802,False
Health and Medical Research Fund,Hong Kong,193,22,15,11.4,7.8,,F4320335055,False
Gilead Sciences,USA,341,39,22,11.4,6.5,,F4320308573,False
Innovationsfonden,Denmark,140,16,12,11.4,8.6,,F4320313796,False
South African Medical Research Council,South Africa,309,35,18,11.3,5.8,government,F4320320672,True
Soochow University,China,115,13,4,11.3,3.5,,F4320324720,False
Jilin Scientific and Technological Development Program,China,115,13,3,11.3,2.6,,F4320335953,False
Science and Technology Program of Suzhou,China,366,41,22,11.2,6.0,,F4320336618,False
Technische Universität München,Germany,402,45,45,11.2,11.2,,F4320323383,False
Southern Medical University,China,116,13,7,11.2,6.0,,F4320326228,False
"Ministry of Higher Education, Malaysia",Malaysia,170,19,10,11.2,5.9,,F4320321709,False
Division of Materials Research,USA,564,63,46,11.2,8.2,,F4320337367,False
Zhengzhou University,China,134,15,3,11.2,2.2,,F4320322766,False
"National Commission for Scientific and Technological Research (CONICYT, Chile)",CL,169,19,4,11.2,2.4,,F4320334812,False
Coordenacao de Aperfeicoamento de Pessoal de Nivel Superior,Brazil,3055,341,113,11.2,3.7,government,F4320321091,True
Natural Science Foundation of Hubei Province,China,573,64,14,11.2,2.4,,F4320322186,False
National Research Centre,EG,396,44,2,11.1,0.5,,F4320310077,False
Department of Education of Guangdong Province,China,126,14,5,11.1,4.0,,F4320326279,False
Beijing Xisike Clinical Oncology Research Foundation,China,108,12,7,11.1,6.5,,F4320318548,False
Università degli Studi di Firenze,Italy,118,13,6,11.0,5.1,,F4320322648,False
Beijing Municipal Science and Technology Commission,China,146,16,9,11.0,6.2,,F4320325902,False
"Division of Chemical, Bioengineering, Environmental, and Transport Systems",USA,255,28,21,11.0,8.2,,F4320337390,False
Euskal Herriko Unibertsitatea,Spain,137,15,2,10.9,1.5,,F4320321919,False
Styrelsen för Internationellt Utvecklingssamarbete,Sweden,183,20,14,10.9,7.7,,F4320307875,False
Science and Technology Program of Hunan Province,China,202,22,4,10.9,2.0,,F4320330206,False
Minas Gerais Research Foundation (FAPEMIG),Brazil,423,46,19,10.9,4.5,,F4320322980,False
Roche,Switzerland,110,12,7,10.9,6.4,,F4320307779,False
Manchester Biomedical Research Centre,UK,184,20,17,10.9,9.2,,F4320333687,False
Hjärt-Lungfonden,Sweden,279,30,16,10.8,5.7,,F4320322169,False
Linköpings Universitet,Sweden,268,29,14,10.8,5.2,,F4320322225,False
Anhui Provincial Key Research and Development Plan,China,103,11,2,10.7,1.9,,F4320336578,False
Universidade de Macau,MO,112,12,10,10.7,8.9,,F4320322841,False
Humanities Research Council,UK,131,14,8,10.7,6.1,government,F4320334609,True
Natural Science Foundation of Hainan Province,China,356,38,7,10.7,2.0,,F4320322866,False
AstraZeneca Pharma Poland,Poland,168,18,12,10.7,7.1,,F4320328295,False
Key Research and Development Program of Ningxia,China,123,13,7,10.6,5.7,,F4320334010,False
Qatar University,QA,132,14,1,10.6,0.8,,F4320322472,False
VIT University,India,172,18,5,10.5,2.9,,F4320322838,False
Inyuvesi Yakwazulu-Natali,South Africa,105,11,8,10.5,7.6,,F4320322812,False
Assiut University,EG,133,14,0,10.5,0.0,,F4320325647,False
World Health Organization,Switzerland,413,43,20,10.4,4.8,,F4320307856,False
ZonMw,Netherlands,928,96,70,10.3,7.5,,F4320321007,False
Public Health Agency,UK,155,16,19,10.3,12.3,government,F4320320853,True
Mahidol University,Thailand,466,48,11,10.3,2.4,,F4320322401,False
Natural Science Foundation of Shanxi Province,China,155,16,3,10.3,1.9,,F4320322666,False
Mitacs,Canada,214,22,17,10.3,7.9,,F4320322675,False
Natural Science Foundation of Hunan Province,China,876,89,27,10.2,3.1,,F4320322843,False
Natural Science Foundation of Xinjiang,China,177,18,3,10.2,1.7,,F4320328898,False
Seoul National University,Korea,366,37,32,10.1,8.7,,F4320321292,False
Innovative Research Group Project of the National Natural Science Foundation of China,China,328,33,10,10.1,3.0,,F4320315254,False
"Ministerio de Ciencia, Tecnología e Innovación Productiva",AR,130,13,5,10.0,3.8,,F4320321664,False
Hartstichting,Netherlands,120,12,7,10.0,5.8,,F4320321642,False
Chongqing Municipal Education Commission,China,120,12,2,10.0,1.7,,F4320324805,False
Javna Agencija za Raziskovalno Dejavnost RS,SI,613,61,30,10.0,4.9,,F4320322554,False
Peking Union Medical College Hospital,China,190,19,8,10.0,4.2,,F4320324962,False
Key Research and Development Projects of Shaanxi Province,China,269,27,9,10.0,3.3,,F4320336350,False
Air Force Office of Scientific Research,USA,403,40,42,9.9,10.4,,F4320338279,False
Health Research Council of New Zealand,New Zealand,173,17,10,9.8,5.8,,F4320334749,False
Natural Science Foundation of Chongqing,China,461,45,7,9.8,1.5,,F4320323172,False
National Research Foundation of Korea,Korea,4854,475,197,9.8,4.1,government,F4320322120,True
Daiichi Sankyo Europe,Germany,174,17,6,9.8,3.4,,F4320338262,False
"Ministerul Cercetării, Inovării şi Digitalizării",RO,124,12,8,9.7,6.5,,F4320318622,False
"Ministry of Science, ICT and Future Planning",Korea,176,17,9,9.7,5.1,,F4320322030,False
University of Sydney,Australia,270,26,14,9.6,5.2,,F4320320966,False
Suomen Lääketieteen Säätiö,Finland,115,11,5,9.6,4.3,,F4320310751,False
National Office for Philosophy and Social Sciences,China,219,21,6,9.6,2.7,,F4320327557,False
Hellenic Foundation for Research and Innovation,Greece,156,15,12,9.6,7.7,,F4320327859,False
University of Cape Town,South Africa,114,11,14,9.6,12.3,,F4320324164,False
Shahid Beheshti University of Medical Sciences,Iran,106,10,9,9.4,8.5,,F4320323457,False
Korea Health Industry Development Institute,Korea,609,57,30,9.4,4.9,government,F4320322107,True
Universität Leipzig,Germany,233,22,16,9.4,6.9,,F4320325298,False
Natural Science Foundation of Hebei Province,China,485,45,9,9.3,1.9,,F4320322163,False
Korea Institute of Science and Technology,Korea,129,12,8,9.3,6.2,,F4320322091,False
Shanghai Municipal Health Commission,China,426,39,18,9.2,4.2,government,F4320317789,True
Pécsi Tudományegyetem,HU,119,11,0,9.2,0.0,,F4320325904,False
Szegedi Tudományegyetem,HU,119,11,5,9.2,4.2,,F4320329149,False
Universiti Kebangsaan Malaysia,Malaysia,120,11,6,9.2,5.0,,F4320322699,False
Nanjing Medical University,China,187,17,8,9.1,4.3,,F4320324291,False
Royal Academy of Engineering,UK,219,20,25,9.1,11.4,,F4320320005,False
Natural Science Foundation of Tianjin City,China,256,23,7,9.0,2.7,,F4320323993,False
City University of Hong Kong,Hong Kong,134,12,5,9.0,3.7,,F4320309893,False
Education Department of Jiangxi Province,China,100,9,2,9.0,2.0,,F4320325626,False
Eisai,Japan,178,16,17,9.0,9.6,,F4320322148,False
Fundação de Apoio à Pesquisa do Distrito Federal,Brazil,111,10,2,9.0,1.8,,F4320323350,False
Korea University,Korea,146,13,8,8.9,5.5,,F4320321373,False
Medical Science and Technology Project of Zhejiang Province,China,304,27,15,8.9,4.9,,F4320338199,False
Universitätsklinikum Essen,Germany,157,14,13,8.9,8.3,,F4320317492,False
Health Research Board,Ireland,123,11,4,8.9,3.3,,F4320312041,False
Division of Chemistry,USA,570,51,17,8.9,3.0,,F4320337393,False
Fujian Medical University,China,191,17,3,8.9,1.6,,F4320328113,False
Skånes universitetssjukhus,Sweden,102,9,4,8.8,3.9,,F4320326807,False
Health Resources and Services Administration,USA,137,12,3,8.8,2.2,,F4320332175,False
HORIZON EUROPE European Innovation Council,,231,20,25,8.7,10.8,,F4320338448,False
NIHR Imperial Biomedical Research Centre,UK,173,15,22,8.7,12.7,,F4320336039,False
"Ministry of Science and Technology, Taiwan",Taiwan,692,60,19,8.7,2.7,,F4320322795,False
Natural Science Foundation of Beijing Municipality,China,553,48,18,8.7,3.3,,F4320322919,False
"Ministarstvo Prosvete, Nauke i Tehnološkog Razvoja",RS,161,14,6,8.7,3.7,,F4320322729,False
University of Tabriz,Iran,103,9,4,8.7,3.9,,F4320324703,False
Shanghai Hospital Development Center,China,103,9,8,8.7,7.8,,F4320325338,False
Narodowe Centrum Badań i Rozwoju,Poland,313,27,5,8.6,1.6,,F4320335039,False
"Ministry of Science and ICT, South Korea",Korea,1958,168,78,8.6,4.0,,F4320328359,False
Sanofi,USA,531,45,47,8.5,8.9,,F4320307781,False
Guizhou Science and Technology Department,China,130,11,3,8.5,2.3,,F4320322272,False
Al-Azhar University,EG,153,13,3,8.5,2.0,,F4320330007,False
National Cheng Kung University,Taiwan,107,9,7,8.4,6.5,,F4320324663,False
Universitätsmedizin der Johannes Gutenberg-Universität Mainz,Germany,155,13,3,8.4,1.9,,F4320336167,False
Universitätsklinikum Hamburg-Eppendorf,Germany,379,32,24,8.4,6.3,,F4320335947,False
Tehran University of Medical Sciences and Health Services,Iran,191,16,7,8.4,3.7,,F4320322670,False
Beijing Municipal Natural Science Foundation,China,515,43,24,8.3,4.7,government,F4320334977,True
"Ministério da Ciência, Tecnologia e Ensino Superior",Portugal,242,20,9,8.3,3.7,,F4320323642,False
"Ministerie van Volksgezondheid, Welzijn en Sport",Netherlands,109,9,12,8.3,11.0,,F4320321645,False
Friedrich-Alexander-Universität Erlangen-Nürnberg,Germany,144,12,16,8.3,11.1,,F4320320873,False
Wu Jieping Medical Foundation,China,146,12,4,8.2,2.7,,F4320332531,False
Science and Technology Development Fund,EG,1412,115,17,8.1,1.2,,F4320321655,False
National Science and Technology Council,ZM,1670,134,72,8.0,4.3,,F4320331164,False
Chongqing Medical University,China,174,14,3,8.0,1.7,,F4320322595,False
Norges Teknisk-Naturvitenskapelige Universitet,Norway,187,15,19,8.0,10.2,,F4320311040,False
Khon Kaen University,Thailand,113,9,3,8.0,2.7,,F4320322335,False
Norwegian Institute of Public Health,Norway,177,14,22,7.9,12.4,,F4320337091,False
Instituto Politécnico Nacional,Mexico,114,9,2,7.9,1.8,,F4320321694,False
Sydäntutkimussäätiö,Finland,114,9,6,7.9,5.3,,F4320323333,False
Public Health Agency of Canada,Canada,151,12,11,7.9,7.3,,F4320312568,False
Fok Ying Tong Education Foundation,China,229,18,17,7.9,7.4,,F4320334945,False
Ministerstwo Edukacji i Nauki,Poland,256,20,7,7.8,2.7,,F4320322733,False
Liaoning Revitalization Talents Program,China,116,9,1,7.8,0.9,,F4320329895,False
Anhui Provincial Department of Education,China,116,9,5,7.8,4.3,,F4320326664,False
Ministry of Education,Korea,362,28,10,7.7,2.8,,F4320321408,False
Semmelweis Egyetem,HU,220,17,11,7.7,5.0,,F4320321102,False
National Institute for Health Research Applied Research Collaboration West,UK,130,10,6,7.7,4.6,,F4320337232,False
Amgen,USA,310,24,25,7.7,8.1,,F4320307105,False
Tanta University,EG,170,13,3,7.6,1.8,,F4320324798,False
Università degli Studi di Napoli Federico II,Italy,145,11,7,7.6,4.8,,F4320309590,False
Mansoura University,EG,373,28,7,7.5,1.9,,F4320325716,False
Charité – Universitätsmedizin Berlin,Germany,442,33,30,7.5,6.8,,F4320321526,False
Capital Medical University,China,108,8,6,7.4,5.6,,F4320321496,False
"Ministry of Health, Labour and Welfare",Japan,324,24,5,7.4,1.5,,F4320321945,False
Science Fund of the Republic of Serbia,RS,151,11,1,7.3,0.7,,F4320329307,False
Chiang Mai University,Thailand,246,18,2,7.3,0.8,,F4320321529,False
"Unitatea Executiva pentru Finantarea Invatamantului Superior, a Cercetarii, Dezvoltarii si Inovarii",RO,181,13,6,7.2,3.3,,F4320323983,False
Ministry of Education of the People's Republic of China,China,222,16,5,7.2,2.3,,F4320321106,False
Natural Science Foundation of Liaoning Province,China,276,20,7,7.2,2.5,,F4320323086,False
Scientific and Technological Research Council of Turkey (TUBITAK),Turkey,794,56,26,7.1,3.3,,F4320322626,False
Novartis Pharmaceuticals Corporation,USA,140,10,14,7.1,10.0,,F4320310388,False
Università Cattolica del Sacro Cuore,Italy,127,9,6,7.1,4.7,,F4320323405,False
Universitätsklinikum Tübingen,Germany,182,13,16,7.1,8.8,,F4320333403,False
Ministry of Health and Welfare,Korea,201,14,9,7.0,4.5,,F4320322034,False
"Khalifa University of Science, Technology and Research",AE,115,8,14,7.0,12.2,,F4320322334,False
King Saud University,Saudi Arabia,1100,76,12,6.9,1.1,,F4320321145,False
Cairo University,EG,595,41,11,6.9,1.8,,F4320321148,False
Novartis Pharma,Germany,101,7,9,6.9,8.9,,F4320332736,False
Osaka University,Japan,117,8,4,6.8,3.4,,F4320322451,False
Gobierno de Aragón,Spain,148,10,4,6.8,2.7,,F4320326208,False
Minia University,EG,150,10,4,6.7,2.7,,F4320327648,False
University of Manchester,UK,105,7,9,6.7,8.6,,F4320320291,False
Tel Aviv University,Israel,244,16,20,6.6,8.2,,F4320322596,False
Financiadora de Estudos e Projetos,Brazil,154,10,5,6.5,3.2,,F4320322904,False
China Medical University,China,171,11,10,6.4,5.8,,F4320324301,False
National Social Science Fund of China,China,578,37,16,6.4,2.8,,F4320335869,False
United Arab Emirates University,AE,140,9,7,6.4,5.0,,F4320323593,False
"Ministry of Science and Technology, Government of the People’s Republic of Bangladesh",BD,140,9,8,6.4,5.7,,F4320325390,False
King Abdulaziz University,Saudi Arabia,140,9,7,6.4,5.0,,F4320322322,False
Korea Medical Device Development Fund,Korea,126,8,4,6.3,3.2,,F4320318847,False
UNICEF,USA,146,9,2,6.2,1.4,,F4320309209,False
Postdoctoral Research Foundation of China,China,115,7,2,6.1,1.7,,F4320335443,False
"Ministerie van Onderwijs, Cultuur en Wetenschap",Netherlands,115,7,5,6.1,4.3,,F4320321799,False
Ruhr-Universität Bochum,Germany,131,8,14,6.1,10.7,,F4320323715,False
Fundo para o Desenvolvimento das Ciências e da Tecnologia,MO,199,12,7,6.0,3.5,,F4320323893,False
Alexandria University,EG,450,27,3,6.0,0.7,,F4320326056,False
Syddansk Universitet,Denmark,221,13,9,5.9,4.1,,F4320323799,False
Agency for Healthcare Research and Quality,USA,222,13,10,5.9,4.5,,F4320332177,False
Ministry of Food and Drug Safety,Korea,205,12,9,5.9,4.4,,F4320322014,False
Universitätsklinikum Heidelberg,Germany,204,12,14,5.9,6.9,,F4320330130,False
London School of Hygiene and Tropical Medicine,UK,137,8,9,5.8,6.6,,F4320311430,False
Natural Science Foundation of Shaanxi Province,China,226,13,5,5.8,2.2,,F4320324173,False
Seoul National University Hospital,Korea,122,7,6,5.7,4.9,,F4320322557,False
Universitas Padjadjaran,ID,140,8,3,5.7,2.1,,F4320329092,False
Svenska Läkaresällskapet,Sweden,126,7,15,5.6,11.9,,F4320324618,False
Natural Science Foundation of Xinjiang Province,China,162,9,7,5.6,4.3,,F4320311028,False
Iran University of Medical Sciences,Iran,108,6,6,5.6,5.6,,F4320313199,False
Addis Ababa University,ET,143,8,3,5.6,2.1,,F4320324791,False
Humanities and Social Science Fund of Ministry of Education of China,China,128,7,3,5.5,2.3,,F4320335982,False
Taipei Medical University,Taiwan,109,6,5,5.5,4.6,,F4320322814,False
Universitätsklinikum Köln,Germany,166,9,3,5.4,1.8,,F4320327730,False
Innosuisse - Schweizerische Agentur für Innovationsförderung,Switzerland,113,6,9,5.3,8.0,,F4320327931,False
National Taiwan University Hospital,Taiwan,131,7,5,5.3,3.8,,F4320323422,False
"Ministry of Trade, Industry and Energy",Korea,535,28,20,5.2,3.7,,F4320321681,False
Manipal University,India,273,14,4,5.1,1.5,,F4320322932,False
Shiraz University of Medical Sciences,Iran,157,8,5,5.1,3.2,,F4320322545,False
Tabriz University of Medical Sciences,Iran,120,6,5,5.0,4.2,,F4320322587,False
Shiraz University,Iran,144,7,6,4.9,4.2,,F4320323101,False
Deakin University,Australia,122,6,8,4.9,6.6,,F4320320970,False
Mashhad University of Medical Sciences,Iran,124,6,4,4.8,3.2,,F4320322855,False
National and Kapodistrian University of Athens,Greece,104,5,3,4.8,2.9,,F4320323149,False
Prince Sattam bin Abdulaziz University,Saudi Arabia,192,9,3,4.7,1.6,,F4320311227,False
King Faisal University,Saudi Arabia,112,5,2,4.5,1.8,,F4320331156,False
Chang Gung Medical Foundation,Taiwan,230,10,4,4.3,1.7,,F4320322767,False
Universitätsklinikum Erlangen,Germany,164,7,8,4.3,4.9,,F4320330129,False
Hong Kong Polytechnic University,Hong Kong,163,7,5,4.3,3.1,,F4320322598,False
Princess Nourah Bint Abdulrahman University,Saudi Arabia,340,14,2,4.1,0.6,,F4320322484,False
Taif University,Saudi Arabia,149,6,3,4.0,2.0,,F4320323722,False
Bulgarian National Science Fund,BG,128,5,2,3.9,1.6,,F4320321843,False
Alzheimer's Drug Discovery Foundation,USA,105,4,9,3.8,8.6,,F4320307132,False
Wenzhou Municipal Science and Technology Bureau,China,105,4,5,3.8,4.8,,F4320324224,False
"Deanship of Scientific Research, King Faisal University",Saudi Arabia,163,6,3,3.7,1.8,,F4320322804,False
"Swedish Research Council for Health, Working Life and Welfare (Forte)",Sweden,382,14,19,3.7,5.0,,F4320324004,False
Institute for Information and Communications Technology Promotion,Korea,189,7,14,3.7,7.4,,F4320335489,False
King Khalid University,Saudi Arabia,251,9,4,3.6,1.6,,F4320324433,False
Boston Scientific Corporation,USA,111,4,4,3.6,3.6,,F4320310567,False
Hiroshima University,Japan,117,4,2,3.4,1.7,,F4320322166,False
Health Technology Assessment Programme,UK,148,5,3,3.4,2.0,,F4320334661,False
Qatar National Library,QA,222,7,2,3.2,0.9,,F4320334468,False
Uniwersytet Medyczny im. Piastów Slaskich we Wroclawiu,Poland,156,5,0,3.2,0.0,,F4320325938,False
Department of Education of Liaoning Province,China,131,4,2,3.1,1.5,,F4320324560,False
Korea Institute for Advancement of Technology,Korea,160,5,9,3.1,5.6,,F4320322064,False
Hacettepe Üniversitesi,Turkey,100,3,2,3.0,2.0,,F4320323272,False
Ministerul Educaţiei Naţionale,RO,115,3,3,2.6,2.6,,F4320322145,False
H2020 Future and Emerging Technologies,,124,3,7,2.4,5.6,,F4320338336,False
Taipei Veterans General Hospital,Taiwan,107,2,1,1.9,0.9,,F4320327358,False
Hamad Medical Corporation,QA,103,2,2,1.9,1.9,,F4320310110,False
University of Health Sciences Lahore,Pakistan,111,1,0,0.9,0.0,,F4320319221,False
